,Pixel Accuracy,Pixel Accuracy,Pixel Accuracy,Pixel Accuracy,Dice Coefficient,Dice Coefficient,Dice Coefficient,Dice Coefficient,IoU,IoU,IoU,IoU
,mean,std,min,max,mean,std,min,max,mean,std,min,max
Method,,,,,,,,,,,,
FCM,0.989471,0.014101,0.966326,0.999107,0.846705,0.135185,0.664784,0.96315,0.752579,0.196644,0.497885,0.928919
GMM,0.989376,0.013863,0.966743,0.999077,0.843147,0.132136,0.670361,0.962128,0.746325,0.191664,0.504168,0.927021
KMeans,0.989549,0.01392,0.966752,0.999084,0.847592,0.133018,0.670471,0.962347,0.753397,0.194075,0.504293,0.927427
